<?xml version="1.0" encoding="UTF-8"?>
<beans xmlns="http://www.springframework.org/schema/beans"
	xmlns:xsi="http://www.w3.org/2001/XMLSchema-instance"
	xmlns:context="http://www.springframework.org/schema/context"
	xsi:schemaLocation="http://www.springframework.org/schema/beans http://www.springframework.org/schema/beans/spring-beans.xsd
		http://www.springframework.org/schema/context http://www.springframework.org/schema/context/spring-context-4.3.xsd">
<bean id="address" class="com.cg.project.beans.Address">
	<constructor-arg name="city" value="Dhanbad"/>
	<constructor-arg name="state" value="Jharkhand"/>
	<constructor-arg name="country" value="India"/>
	<constructor-arg name="pincode" value="828301"/>
</bean>

<bean id="employee" class="com.cg.project.beans.Employee">
	<constructor-arg name="employeeId" value="1234"/>
	<constructor-arg name="basicSalary" value="15000"/>
	<constructor-arg name="firstName" value="Anmol"/>
	<constructor-arg name="lastName" value="Kaur"/>
	<constructor-arg name="address" ref="address"/>
</bean>
</beans>
