<?xml version="1.0" encoding="UTF-8"?>
<beans xmlns="http://www.springframework.org/schema/beans"
	xmlns:xsi="http://www.w3.org/2001/XMLSchema-instance"
	xmlns:context="http://www.springframework.org/schema/context"
	xsi:schemaLocation="http://www.springframework.org/schema/beans http://www.springframework.org/schema/beans/spring-beans.xsd
		http://www.springframework.org/schema/context http://www.springframework.org/schema/context/spring-context-4.3.xsd">
	<context:annotation-config/>
	
<bean id="address" class="com.cg.project.beans.Address">
	<property name="city" value="Dhanbad"/>
	<property name="state" value="Jharkhand"/>
	<property name="country" value="India"/>
	<property name="pincode" value="828301"/>
</bean>

<bean id="employee" class="com.cg.project.beans.Employee">
	<property name="employeeId" value="1234"/>
	<property name="basicSalary" value="15000"/>
	<property name="firstName" value="Anmol"/>
	<property name="lastName" value="Kaur"/>

</bean>
</beans>
